"OrderID";"CustomerID";"Order_Date";"Order_Amount";"Shipment_Address";"Shipment_Date";"Status"
"O101";"C002";"4/25/2024";105;"234 - Street R City";"4/29/2024";"Shipped"
"O102";"C003";"4/25/2024";300;"345- Street A City";"4/29/2024";"Shipped"
"O103";"C004";"4/25/2024";351;"235 - Street B City";"4/29/2024";"Shipped"
"O104";"C005";"4/25/2024";424;"981- Street Z City";"4/29/2024";"Shipped"
"O105";"C010";"4/25/2024";296;"236 - Street M City";"4/29/2024";"Shipped"
"O106";"C005";"4/26/2024";500;"981- Street Z City";"4/30/2024";"Shipped"
"O107";"C009";"4/26/2024";208;"432- Street G City";"4/30/2024";"Shipped"
"O108";"C001";"4/27/2024";230;"123- Street A City";"5/1/2024";"Shipped"
"O109";"C001";"4/27/2024";374;"123- Street A City";"5/1/2024";"Shipped"
"O110";"C002";"4/27/2024";488;"234 - Street R City";"5/1/2024";"Shipped"
"O111";"C009";"4/27/2024";281;"432- Street G City";"5/1/2024";"Shipped"
"O112";"C009";"4/27/2024";333;"432- Street G City";"";"Processing"
"O113";"C009";"4/27/2024";202;"432- Street G City";"";"Processing"
"O114";"C010";"4/27/2024";263;"236 - Street M City";"";"Processing"
"O115";"C001";"4/28/2024";444;"123- Street A City";"";"Processing"
"O116";"C002";"4/28/2024";452;"234 - Street R City";"";"Processing"
"O117";"C006";"4/28/2024";178;"236 - Street R City";"5/4/2024";"Shipped"
"O118";"C007";"4/28/2024";385;"103- Street Y City";"5/4/2024";"Shipped"
"O119";"C001";"4/29/2024";189;"123- Street A City";"5/5/2024";"Shipped"
"O120";"C002";"4/29/2024";444;"234 - Street R City";"5/5/2024";"Shipped"
"O121";"C005";"4/29/2024";164;"981- Street Z City";"5/6/2024";"Shipped"
"O122";"C005";"4/29/2024";109;"981- Street Z City";"5/6/2024";"Shipped"
"O123";"C006";"4/29/2024";413;"236 - Street R City";"5/6/2024";"Shipped"
"O124";"C006";"4/29/2024";359;"236 - Street R City";"5/6/2024";"Shipped"
"O125";"C007";"4/29/2024";354;"103- Street Y City";"5/6/2024";"Shipped"
"O126";"C008";"4/29/2024";406;"099 - Street Q City";"5/6/2024";"Shipped"
"O127";"C009";"4/29/2024";390;"432- Street G City";"5/6/2024";"Shipped"
"O128";"C010";"4/29/2024";138;"236 - Street M City";"";"Processing"
"O129";"C010";"4/29/2024";396;"236 - Street M City";"";"Processing"
"O130";"C002";"4/30/2024";197;"234 - Street R City";"";"Processing"
"O131";"C005";"4/30/2024";445;"981- Street Z City";"";"Processing"
"O132";"C008";"4/30/2024";466;"99 - Street Q City";"";"Processing"
"O133";"C008";"4/30/2024";248;"99 - Street Q City";"";"Processing"
"O134";"C010";"4/30/2024";395;"236 - Street M City";"";"Processing"
"O135";"C003";"5/1/2024";348;"345- Street A City";"";"Processing"
"O136";"C006";"5/2/2024";472;"236 - Street R City";"";"Processing"
"O137";"C007";"5/2/2024";243;"103- Street Y City";"";"Processing"
"O138";"C001";"5/3/2024";381;"123- Street A City";"";"Processing"
"O139";"C003";"5/3/2024";250;"345- Street A City";"";"Pending"
"O140";"C004";"5/3/2024";480;"235 - Street B City";"";"Pending"
"O141";"C006";"5/3/2024";286;"236 - Street R City";"";"Pending"
"O142";"C008";"5/3/2024";341;"99 - Street Q City";"";"Pending"
"O143";"C002";"5/4/2024";1000;"234 - Street R City";"";"Pending"
"O144";"C002";"5/4/2024";485;"234 - Street R City";"";"Pending"
"O145";"C003";"5/4/2024";321;"345- Street A City";"";"Pending"
"O146";"C003";"5/4/2024";210;"345- Street A City";"";"Pending"
"O147";"C004";"5/4/2024";251;"235 - Street B City";"";"Pending"
"O148";"C008";"5/4/2024";449;"099 - Street Q City";"";"Pending"
"O149";"C001";"5/5/2024";357;"123- Street A City";"";"Pending"
"O150";"C007";"5/5/2024";262;"103- Street Y City";"";"Pending"
