"Match";"Country";"Runs"
"Match 1";"Australia";340
"Match 2";"Australia";300
"Match 3";"Australia";400
"Match 4";"Australia";200
"Match 5";"Australia";290
"Match 6";"Australia";180
"Match 7";"Australia";325
"Match 8";"Australia";250
"Match 9";"Australia";275
"Match 10";"Australia";390
"Match 11";"England";261
"Match 12";"England";234
"Match 13";"England";377
"Match 14";"England";423
"Match 15";"England";460
"Match 16";"England";265
"Match 17";"England";290
"Match 18";"England";120
"Match 19";"England";190
"Match 20";"England";300
"Match 21";"South Africa";340
"Match 22";"South Africa";280
"Match 23";"South Africa";299
"Match 24";"South Africa";120
"Match 25";"South Africa";199
"Match 26";"South Africa";277
"Match 27";"South Africa";280
"Match 28";"South Africa";400
"Match 29";"South Africa";450
"Match 30";"South Africa";410
