Page,Views,Date
Services Page,980,1/26/2020
FAQ Page,805,1/15/2020
Contact Page,269,12/17/2021
About Page,353,10/21/2020
Contact Page,889,3/14/2019
Services Page,897,4/7/2021
Home Page,87,5/17/2021
Services Page,399,4/10/2021
Contact Page,293,4/29/2022
Contact Page,305,9/8/2020
About Page,842,7/4/2019
Reviews Page,122,5/2/2020
Reviews Page,637,2/4/2019
Services Page,86,5/16/2020
Contact Page,837,5/29/2019
FAQ Page,723,10/28/2022
Home Page,895,1/29/2022
Reviews Page,151,8/27/2021
Home Page,383,2/16/2021
Services Page,108,1/12/2019
Services Page,124,7/9/2020
Products Page,240,2/7/2022
Products Page,620,4/29/2019
FAQ Page,114,2/25/2022
Services Page,767,5/30/2020
FAQ Page,893,5/4/2020
Reviews Page,44,7/29/2020
Services Page,573,10/23/2020
Services Page,513,1/14/2021
Reviews Page,939,8/21/2019
Services Page,853,10/15/2022
FAQ Page,432,4/2/2020
Home Page,802,8/30/2021
Contact Page,533,10/8/2021
Home Page,652,5/26/2020
Contact Page,295,12/21/2022
FAQ Page,634,6/8/2022
Contact Page,710,10/21/2020
Reviews Page,977,1/11/2022
Services Page,234,4/20/2021
Reviews Page,633,3/11/2020
About Page,573,4/29/2020
About Page,137,4/11/2019
Contact Page,704,6/29/2022
Reviews Page,981,5/7/2019
Reviews Page,625,4/29/2022
Services Page,997,6/19/2021
About Page,634,12/10/2020
About Page,92,6/19/2019
Reviews Page,768,12/18/2019
Home Page,845,7/21/2020
About Page,788,6/7/2022
Contact Page,6,8/15/2019
Home Page,139,4/25/2021
About Page,950,6/5/2020
About Page,523,9/10/2020
Reviews Page,892,11/10/2022
Services Page,698,9/17/2022
Home Page,498,2/26/2022
About Page,352,11/7/2019
Products Page,228,2/20/2022
FAQ Page,163,4/23/2020
Reviews Page,982,6/13/2021
Services Page,802,1/20/2021
FAQ Page,90,9/4/2019
Services Page,122,9/11/2021
Services Page,621,9/19/2019
Home Page,43,12/22/2019
Home Page,467,8/19/2019
Home Page,637,4/5/2019
FAQ Page,177,3/23/2020
Contact Page,700,11/12/2019
FAQ Page,812,12/6/2019
Services Page,124,4/23/2020
About Page,485,3/22/2021
Products Page,56,6/8/2020
Reviews Page,178,11/9/2020
About Page,674,7/25/2020
Home Page,795,4/15/2022
About Page,879,12/16/2020
Services Page,774,2/24/2021
About Page,251,6/13/2019
Contact Page,959,4/7/2022
Products Page,559,11/28/2020
About Page,655,11/8/2022
Products Page,843,2/3/2020
Contact Page,455,4/5/2022
Home Page,931,5/14/2021
About Page,213,4/29/2020
Contact Page,458,2/14/2019
Home Page,190,11/11/2020
FAQ Page,247,3/18/2020
About Page,822,11/5/2022
Contact Page,59,3/23/2020
About Page,729,7/31/2019
Products Page,859,7/14/2019
Services Page,719,1/4/2019
Home Page,899,2/3/2020
About Page,502,2/16/2021
About Page,541,3/30/2020
Contact Page,221,5/25/2020
Products Page,375,11/14/2021
Services Page,199,10/23/2020
Home Page,833,1/28/2019
Reviews Page,10,5/27/2020
Services Page,289,10/9/2020
FAQ Page,896,9/28/2019
Contact Page,293,1/10/2020
Services Page,467,9/13/2021
FAQ Page,543,10/5/2020
Products Page,932,6/9/2022
Products Page,185,7/10/2022
Products Page,294,5/15/2021
About Page,696,5/15/2022
About Page,743,4/27/2022
Products Page,777,6/13/2021
Contact Page,400,7/7/2021
Products Page,216,8/27/2020
Contact Page,419,2/21/2020
FAQ Page,356,3/3/2019
Products Page,282,4/15/2020
FAQ Page,785,5/21/2021
Services Page,563,10/9/2022
Home Page,411,9/4/2020
FAQ Page,375,5/13/2021
About Page,493,3/31/2021
Contact Page,113,8/12/2021
Home Page,136,6/22/2022
Products Page,948,5/30/2020
Services Page,597,9/30/2022
FAQ Page,685,12/7/2021
Contact Page,331,1/24/2021
About Page,769,4/22/2020
Reviews Page,486,7/7/2019
Home Page,530,3/27/2020
FAQ Page,208,8/25/2020
Home Page,112,11/17/2019
Contact Page,828,4/12/2019
Contact Page,898,4/2/2019
About Page,352,11/2/2022
Services Page,732,5/13/2021
FAQ Page,33,11/22/2021
Reviews Page,274,10/2/2021
Reviews Page,557,5/31/2019
FAQ Page,278,12/9/2022
Home Page,253,5/18/2022
FAQ Page,168,4/23/2022
Services Page,772,8/2/2021
FAQ Page,615,7/8/2022
About Page,434,2/20/2021
About Page,765,11/26/2019
Reviews Page,950,11/19/2020
About Page,140,10/7/2022
FAQ Page,776,9/9/2019
About Page,781,8/26/2019
Products Page,441,5/10/2020
Services Page,262,1/28/2020
About Page,312,9/14/2020
Products Page,192,2/25/2020
Reviews Page,404,9/18/2019
Contact Page,554,10/12/2019
Services Page,586,7/4/2019
About Page,893,12/25/2021
FAQ Page,316,3/24/2021
About Page,402,3/16/2022
FAQ Page,218,7/16/2021
Products Page,393,9/12/2022
Products Page,33,6/9/2020
Home Page,10,7/16/2019
Home Page,116,4/30/2022
Contact Page,543,4/22/2019
FAQ Page,301,5/18/2020
Products Page,973,6/24/2022
Reviews Page,338,1/5/2021
Reviews Page,836,5/8/2020
Reviews Page,286,12/19/2022
FAQ Page,892,6/13/2022
Services Page,809,8/25/2022
Home Page,830,6/2/2019
Home Page,791,10/24/2021
Home Page,388,6/14/2019
Products Page,423,3/18/2020
Services Page,727,2/9/2019
Products Page,475,11/14/2019
Home Page,21,1/27/2020
Home Page,500,6/17/2022
Reviews Page,828,1/20/2022
Contact Page,668,2/8/2022
FAQ Page,3,12/13/2020
About Page,483,8/2/2022
About Page,685,7/5/2020
Reviews Page,160,9/17/2020
Products Page,342,8/3/2020
About Page,578,8/30/2020
Products Page,920,1/29/2019
About Page,567,6/9/2021
Reviews Page,138,11/28/2022
FAQ Page,990,6/17/2019
About Page,224,4/29/2021
Services Page,533,5/26/2020
Contact Page,25,7/14/2020
FAQ Page,171,4/3/2020
Products Page,825,12/7/2022
Reviews Page,374,3/26/2020
FAQ Page,409,9/19/2020
FAQ Page,30,1/5/2019
Contact Page,842,6/4/2019
About Page,824,5/11/2019
About Page,867,2/23/2021
FAQ Page,651,8/30/2019
FAQ Page,368,10/20/2021
Services Page,428,12/14/2022
Home Page,308,3/4/2022
Home Page,227,7/5/2021
Reviews Page,932,1/7/2019
FAQ Page,825,8/3/2022
Home Page,759,6/11/2020
Services Page,463,1/17/2022
Reviews Page,160,12/9/2019
About Page,496,8/1/2019
Contact Page,819,8/21/2022
Services Page,266,1/17/2019
Products Page,134,8/18/2020
Reviews Page,280,12/14/2021
Products Page,913,9/16/2020
Home Page,966,1/13/2020
About Page,302,3/20/2022
Reviews Page,454,2/24/2019
Contact Page,387,4/30/2020
About Page,890,9/11/2019
About Page,599,5/27/2021
Services Page,591,3/10/2022
Services Page,840,6/5/2019
About Page,368,5/3/2021
Reviews Page,457,8/9/2022
Reviews Page,573,10/8/2022
Reviews Page,446,7/9/2020
FAQ Page,450,11/21/2020
About Page,525,9/3/2020
Contact Page,112,6/27/2021
FAQ Page,896,6/19/2019
Products Page,441,5/14/2022
Services Page,535,1/27/2020
Contact Page,479,9/26/2019
Services Page,755,7/24/2019
Reviews Page,386,9/16/2021
Reviews Page,786,7/6/2019
Reviews Page,282,7/4/2022
Reviews Page,838,9/10/2020
Home Page,870,8/26/2019
Reviews Page,750,8/18/2020
Services Page,327,4/1/2019
Products Page,830,11/29/2020
FAQ Page,637,10/15/2022
Contact Page,509,1/8/2021
FAQ Page,852,12/4/2019
Home Page,274,4/7/2019
FAQ Page,831,9/17/2020
Services Page,254,3/16/2021
Products Page,400,2/13/2019
Reviews Page,985,3/8/2021
Services Page,173,12/4/2022
FAQ Page,250,3/25/2020
Reviews Page,336,12/7/2019
Services Page,836,10/26/2021
Home Page,200,3/2/2019
Reviews Page,755,2/8/2020
Home Page,995,2/21/2021
Products Page,421,7/20/2019
Contact Page,458,3/21/2021
FAQ Page,686,4/13/2019
Services Page,303,12/6/2021
Home Page,846,12/18/2021
Reviews Page,787,7/1/2022
Services Page,412,9/15/2021
Contact Page,556,3/29/2022
Home Page,944,11/15/2021
Products Page,404,11/27/2022
Home Page,656,5/6/2020
Products Page,615,5/7/2022
Home Page,533,4/26/2019
Services Page,876,6/30/2019
Products Page,178,8/8/2022
Products Page,410,9/15/2019
Home Page,737,3/7/2020
FAQ Page,95,7/25/2019
Home Page,277,7/9/2019
Products Page,183,2/6/2020
Products Page,416,1/29/2020
Contact Page,95,5/16/2021
About Page,285,12/23/2019
Contact Page,954,10/5/2022
Home Page,263,3/30/2019
Products Page,122,5/5/2021
Home Page,506,5/29/2020
FAQ Page,957,5/15/2020
Home Page,171,12/21/2020
About Page,548,11/8/2019
Contact Page,127,12/26/2019
Products Page,383,5/30/2021
FAQ Page,893,8/3/2022
Reviews Page,420,10/10/2022
Reviews Page,520,4/4/2019
Products Page,711,11/26/2020
Reviews Page,16,8/22/2022
Products Page,759,1/12/2021
Contact Page,882,10/14/2022
FAQ Page,40,12/28/2020
About Page,763,3/8/2019
Products Page,11,5/19/2022
About Page,982,8/4/2022
Products Page,985,6/27/2022
Home Page,884,7/2/2021
Products Page,426,1/13/2020
Products Page,391,2/13/2020
Products Page,136,10/31/2021
FAQ Page,907,6/18/2019
About Page,141,10/8/2020
Reviews Page,291,7/7/2020
Services Page,4,7/6/2022
FAQ Page,519,4/21/2022
Contact Page,838,8/9/2022
About Page,603,10/22/2021
Products Page,872,11/23/2022
Contact Page,180,6/8/2022
Products Page,529,11/18/2022
Contact Page,459,1/25/2022
Contact Page,927,9/29/2021
Contact Page,760,7/12/2021
Home Page,651,12/15/2021
Products Page,893,1/16/2022
Products Page,84,5/16/2021
Services Page,790,2/25/2021
FAQ Page,554,7/19/2022
Services Page,306,6/28/2021
Reviews Page,700,3/13/2021
Home Page,49,2/19/2022
About Page,445,3/4/2021
Contact Page,877,2/9/2021
Reviews Page,94,7/22/2019
Home Page,754,9/15/2019
Reviews Page,722,1/18/2021
About Page,986,2/7/2022
FAQ Page,385,6/29/2019
Reviews Page,42,10/2/2022
Home Page,217,4/30/2022
About Page,66,8/21/2019
FAQ Page,407,4/20/2021
FAQ Page,898,1/18/2020
Services Page,807,4/21/2019
Contact Page,505,11/17/2019
Products Page,691,1/2/2019
Services Page,961,7/17/2022
Contact Page,596,6/22/2021
Reviews Page,324,7/29/2022
Contact Page,804,12/28/2020
Home Page,586,11/7/2021
FAQ Page,832,5/2/2020
Reviews Page,950,11/19/2020
Contact Page,793,2/12/2021
Home Page,283,8/22/2021
FAQ Page,768,5/26/2020
Contact Page,723,3/24/2019
Home Page,416,10/23/2022
Contact Page,479,4/12/2021
About Page,28,5/31/2021
Home Page,504,6/17/2020
Reviews Page,949,9/15/2019
FAQ Page,294,10/11/2021
About Page,20,10/13/2022
Contact Page,735,1/18/2021
Home Page,133,8/15/2020
Products Page,409,8/31/2020
Reviews Page,737,6/9/2019
Home Page,560,4/3/2020
Home Page,435,3/4/2020
About Page,4,1/21/2020
Services Page,146,12/9/2021
Products Page,865,8/11/2019
Contact Page,887,3/1/2021
Home Page,330,12/30/2021
Services Page,757,12/9/2020
Contact Page,268,8/30/2020
FAQ Page,663,7/31/2021
Reviews Page,46,1/22/2020
Reviews Page,642,10/20/2021
Reviews Page,39,1/26/2020
FAQ Page,935,8/1/2020
About Page,200,10/20/2022
Reviews Page,366,3/25/2019
About Page,247,5/31/2020
Contact Page,872,4/15/2021
About Page,785,11/21/2022
About Page,859,3/26/2019
About Page,243,8/11/2020
About Page,33,11/22/2019
Home Page,691,3/20/2021
FAQ Page,560,9/10/2022
Services Page,904,2/21/2022
Products Page,441,8/18/2019
Reviews Page,117,8/15/2020
Services Page,96,1/5/2022
Services Page,748,8/26/2019
Products Page,262,8/29/2021
Home Page,213,9/13/2021
Products Page,199,2/6/2022
Contact Page,99,9/4/2022
FAQ Page,677,10/27/2022
Home Page,579,9/28/2021
Contact Page,41,5/24/2019
Contact Page,445,3/18/2020
Home Page,862,4/1/2022
Home Page,265,12/29/2021
FAQ Page,402,9/26/2019
About Page,6,5/20/2020
Reviews Page,713,5/8/2021
Services Page,684,10/17/2019
Reviews Page,424,7/25/2021
About Page,767,8/18/2021
Products Page,419,5/1/2021
About Page,212,12/9/2019
About Page,859,6/11/2022
FAQ Page,204,7/20/2019
Products Page,98,8/1/2022
Contact Page,86,9/27/2021
Products Page,939,5/7/2021
Home Page,884,8/9/2021
Contact Page,483,8/17/2019
Services Page,33,10/5/2020
Reviews Page,772,11/16/2020
FAQ Page,164,10/10/2020
Home Page,772,4/27/2020
Contact Page,809,5/1/2019
About Page,94,3/6/2019
Products Page,328,11/26/2020
Reviews Page,501,5/4/2019
Home Page,10,9/27/2021
Services Page,853,7/27/2022
Products Page,598,7/29/2019
Products Page,353,1/19/2021
About Page,213,6/5/2019
Reviews Page,571,1/2/2020
About Page,247,6/14/2022
FAQ Page,722,7/27/2019
Products Page,438,11/25/2020
About Page,70,1/15/2020
Products Page,76,3/1/2020
Reviews Page,746,4/6/2020
Reviews Page,183,3/26/2019
Products Page,736,10/5/2019
Home Page,652,3/8/2021
Reviews Page,376,7/24/2022
Home Page,227,9/29/2021
Reviews Page,471,12/26/2021
Reviews Page,512,10/4/2019
Services Page,338,12/30/2022
About Page,895,7/11/2022
FAQ Page,239,7/16/2022
FAQ Page,141,3/24/2020
About Page,327,12/15/2021
About Page,560,1/6/2021
FAQ Page,569,12/30/2020
Reviews Page,884,1/19/2019
Contact Page,272,7/23/2021
FAQ Page,316,10/6/2020
Contact Page,57,4/29/2021
Products Page,585,8/18/2022
Services Page,4,3/6/2022
Contact Page,250,2/11/2022
Contact Page,696,4/8/2021
Services Page,542,8/21/2021
Home Page,341,10/30/2020
FAQ Page,642,9/23/2020
Products Page,929,5/29/2019
Contact Page,351,8/9/2021
Reviews Page,795,5/22/2021
Reviews Page,409,5/10/2021
About Page,310,8/25/2021
Products Page,607,12/14/2019
FAQ Page,978,3/29/2020
Products Page,58,12/7/2022
Home Page,275,2/26/2022
About Page,282,6/16/2021
FAQ Page,434,6/20/2021
About Page,657,2/16/2019
Home Page,225,5/16/2019
Home Page,56,10/1/2020
Services Page,421,11/29/2022
Products Page,446,4/12/2019
Contact Page,298,5/28/2019
About Page,410,1/23/2022
Home Page,246,5/30/2020
FAQ Page,420,5/11/2019
FAQ Page,492,4/16/2019
Home Page,53,11/13/2021
Contact Page,287,1/3/2020
Services Page,266,7/20/2019
FAQ Page,964,4/9/2019
Products Page,848,4/22/2021
FAQ Page,459,7/7/2019
Home Page,798,6/28/2021
Reviews Page,76,2/18/2021
Services Page,428,12/26/2021
About Page,761,2/21/2020
Products Page,233,1/30/2021
Reviews Page,4,4/23/2022
FAQ Page,805,3/12/2021
Home Page,137,7/8/2022
Reviews Page,821,1/20/2020
Services Page,84,3/9/2019
FAQ Page,103,11/25/2019
Services Page,426,7/5/2022
Reviews Page,428,12/9/2020
Reviews Page,525,6/9/2022
Contact Page,542,10/8/2022
Services Page,196,11/12/2019
Products Page,297,10/9/2020
Home Page,563,12/1/2020
Services Page,374,9/23/2022
About Page,460,4/13/2022
Services Page,378,2/7/2022
Products Page,551,5/20/2021
Services Page,937,5/5/2020
About Page,537,9/6/2019
Reviews Page,460,7/9/2021
Reviews Page,250,9/25/2020
About Page,938,5/29/2020
Products Page,812,8/5/2022
Products Page,506,6/11/2020
Products Page,329,11/5/2020
Services Page,330,12/30/2022
Home Page,304,12/7/2019
Services Page,23,10/7/2020
Contact Page,222,8/22/2020
About Page,98,5/1/2022
Reviews Page,797,10/5/2020
FAQ Page,118,1/16/2022
About Page,258,3/3/2022
About Page,642,4/16/2021
Products Page,482,4/27/2021
Home Page,197,2/24/2021
FAQ Page,339,9/18/2022
Services Page,422,8/22/2022
Services Page,780,4/11/2020
Home Page,292,12/26/2020
FAQ Page,209,11/4/2021
Contact Page,529,6/27/2020
Products Page,152,8/23/2022
Contact Page,153,8/12/2022
Services Page,953,11/15/2021
Contact Page,250,1/28/2020
Reviews Page,301,12/19/2019
Products Page,132,7/3/2022
Reviews Page,872,11/11/2019
Products Page,23,2/6/2022
Services Page,312,8/18/2022
Home Page,268,4/26/2021
Reviews Page,343,4/19/2019
Contact Page,73,12/29/2019
FAQ Page,378,8/5/2020
Reviews Page,821,11/15/2021
Home Page,464,8/1/2020
Contact Page,454,4/20/2020
Home Page,600,7/11/2022
Reviews Page,950,12/15/2022
Products Page,772,12/8/2022
Reviews Page,949,10/14/2019
Contact Page,691,2/23/2022
Reviews Page,239,4/11/2022
FAQ Page,548,9/17/2020
Home Page,800,9/25/2019
Home Page,287,12/28/2022
Products Page,695,7/15/2019
Services Page,120,5/15/2022
Contact Page,151,2/7/2022
FAQ Page,724,7/25/2020
Contact Page,19,2/1/2019
Contact Page,202,10/25/2020
FAQ Page,752,8/24/2020
About Page,844,3/2/2019
Services Page,206,4/17/2020
Reviews Page,280,4/30/2019
About Page,951,6/11/2019
About Page,374,10/23/2020
FAQ Page,176,9/23/2021
Contact Page,145,7/17/2020
Contact Page,401,9/1/2019
FAQ Page,467,4/25/2022
Services Page,327,2/26/2022
Home Page,249,10/29/2021
Home Page,136,9/14/2019
Products Page,288,5/30/2020
Products Page,471,8/11/2022
Contact Page,945,1/18/2021
Contact Page,877,9/16/2020
Reviews Page,366,11/16/2019
Reviews Page,12,12/13/2021
About Page,459,9/7/2021
About Page,599,11/24/2020
Contact Page,115,7/25/2019
Services Page,576,4/3/2021
Contact Page,943,1/19/2021
About Page,252,4/17/2021
About Page,888,3/19/2019
Home Page,76,6/1/2021
About Page,578,6/8/2020
About Page,83,4/2/2021
Contact Page,666,5/7/2021
FAQ Page,781,4/23/2022
Reviews Page,409,4/22/2022
About Page,278,12/19/2020
About Page,380,2/6/2022
Services Page,833,11/29/2021
FAQ Page,892,10/23/2020
Reviews Page,732,12/26/2019
About Page,399,9/28/2021
Services Page,886,3/23/2019
Contact Page,958,7/7/2021
Reviews Page,804,1/20/2022
Reviews Page,180,10/24/2022
Reviews Page,219,1/31/2020
Home Page,194,7/18/2020
Contact Page,828,11/12/2022
Services Page,961,6/17/2019
About Page,508,9/24/2019
About Page,145,11/21/2020
Services Page,560,8/11/2022
Home Page,197,6/12/2020
Contact Page,892,1/7/2021
Contact Page,907,5/22/2019
FAQ Page,419,9/20/2020
Reviews Page,52,3/9/2020
Home Page,829,8/13/2020
Home Page,389,10/7/2022
Contact Page,556,12/23/2021
Reviews Page,485,10/15/2019
Home Page,338,9/12/2019
Products Page,564,12/12/2022
Contact Page,348,11/29/2022
Reviews Page,190,7/30/2022
Home Page,746,1/31/2022
Home Page,210,3/26/2021
Contact Page,562,9/24/2019
Products Page,77,2/14/2020
Products Page,790,9/13/2021
About Page,947,8/30/2022
Home Page,721,12/19/2020
Home Page,337,11/12/2022
Reviews Page,129,1/1/2022
Reviews Page,779,1/5/2019
Reviews Page,797,12/20/2022
Home Page,426,12/2/2020
Products Page,732,7/23/2021
Services Page,674,10/17/2022
Reviews Page,586,3/13/2019
Reviews Page,853,12/13/2022
Contact Page,35,8/24/2020
Home Page,209,9/24/2019
FAQ Page,351,9/24/2022
Home Page,997,11/20/2019
Reviews Page,664,1/31/2020
Reviews Page,934,6/13/2019
Products Page,377,6/27/2019
FAQ Page,218,8/4/2019
Services Page,853,4/18/2020
Products Page,254,7/18/2020
Home Page,252,8/26/2022
About Page,556,5/17/2019
About Page,162,2/2/2022
Reviews Page,215,6/8/2021
Products Page,849,12/14/2019
Products Page,267,4/14/2022
Reviews Page,154,8/25/2019
Products Page,307,3/28/2021
Services Page,834,9/5/2022
About Page,746,12/11/2022
Home Page,494,2/6/2021
Products Page,159,9/3/2019
Home Page,987,8/27/2022
FAQ Page,560,7/26/2021
Home Page,463,7/24/2022
Reviews Page,848,4/20/2022
Reviews Page,308,5/20/2021
Products Page,863,3/1/2021
About Page,508,10/19/2020
Contact Page,535,8/29/2020
Contact Page,810,2/10/2022
Home Page,320,4/2/2020
Reviews Page,740,6/25/2019
Contact Page,481,3/22/2022
Reviews Page,978,5/4/2019
Services Page,462,5/14/2021
Reviews Page,106,3/20/2019
Reviews Page,915,7/21/2020
FAQ Page,557,11/20/2022
Contact Page,363,6/13/2019
Home Page,581,3/29/2022
About Page,646,1/1/2020
FAQ Page,117,5/30/2021
Services Page,608,11/19/2020
About Page,629,9/26/2022
Products Page,168,4/30/2020
About Page,304,10/27/2019
Reviews Page,404,5/21/2022
About Page,382,2/21/2021
Contact Page,522,9/29/2019
Contact Page,301,6/26/2019
Reviews Page,625,6/3/2020
Products Page,670,1/28/2019
Products Page,323,6/10/2021
Products Page,495,10/16/2020
Products Page,434,4/23/2020
Products Page,136,3/30/2022
FAQ Page,735,12/5/2020
About Page,875,3/18/2020
About Page,788,4/16/2021
Reviews Page,541,8/5/2020
Contact Page,454,1/22/2022
Reviews Page,129,2/27/2022
Services Page,910,9/23/2019
FAQ Page,711,12/30/2021
Services Page,561,12/2/2020
Contact Page,389,2/9/2020
FAQ Page,953,3/12/2022
Products Page,157,3/13/2019
Reviews Page,655,7/23/2020
About Page,22,5/14/2019
FAQ Page,909,6/8/2020
Services Page,99,3/1/2021
Products Page,923,4/27/2021
FAQ Page,229,12/18/2020
Services Page,602,4/16/2022
Home Page,520,7/18/2022
About Page,121,11/2/2019
Services Page,139,6/13/2020
FAQ Page,749,7/12/2019
Home Page,565,9/14/2019
Products Page,116,11/14/2021
Reviews Page,472,1/4/2020
Services Page,347,7/12/2019
Products Page,520,10/8/2022
Home Page,966,3/24/2022
FAQ Page,613,12/4/2019
FAQ Page,249,9/3/2021
Reviews Page,433,9/24/2021
Services Page,590,5/18/2019
About Page,643,5/2/2019
About Page,168,6/8/2021
Products Page,152,6/2/2019
FAQ Page,253,3/21/2021
Contact Page,519,9/22/2021
About Page,71,11/15/2022
Reviews Page,220,5/23/2019
About Page,243,5/14/2021
About Page,35,12/6/2022
About Page,247,5/18/2021
About Page,787,2/9/2020
Reviews Page,618,8/9/2022
Services Page,414,7/10/2019
FAQ Page,380,6/16/2019
Contact Page,906,2/23/2019
FAQ Page,80,9/12/2022
Reviews Page,114,3/2/2019
Reviews Page,777,1/5/2021
Contact Page,906,3/29/2022
Products Page,57,8/13/2020
Contact Page,247,1/14/2022
Products Page,537,10/11/2022
Home Page,963,12/13/2022
Home Page,115,2/21/2021
Reviews Page,617,9/24/2022
Contact Page,109,3/13/2019
Services Page,397,11/2/2019
FAQ Page,216,5/21/2019
About Page,652,10/25/2020
Services Page,143,3/28/2022
Products Page,139,1/1/2020
Services Page,365,5/28/2019
Home Page,103,1/4/2021
FAQ Page,522,10/7/2019
Reviews Page,611,5/27/2022
Contact Page,395,5/17/2020
Home Page,479,8/5/2021
Products Page,800,6/28/2019
Contact Page,230,3/1/2019
Contact Page,457,4/26/2021
Services Page,74,1/18/2019
FAQ Page,723,12/4/2020
Products Page,194,12/28/2020
Services Page,217,3/25/2022
FAQ Page,64,3/11/2019
Home Page,922,12/1/2022
Products Page,704,5/28/2020
FAQ Page,913,4/21/2020
Reviews Page,197,9/17/2022
About Page,227,9/29/2022
Reviews Page,40,6/17/2020
Home Page,271,3/16/2019
Services Page,824,12/7/2019
Services Page,864,9/7/2020
Reviews Page,260,3/28/2019
Contact Page,882,8/14/2021
Reviews Page,958,9/14/2022
About Page,514,10/11/2019
About Page,175,3/6/2022
FAQ Page,108,5/14/2021
Home Page,638,9/16/2019
Services Page,251,10/31/2022
Home Page,286,4/11/2022
About Page,318,3/12/2021
Services Page,970,9/20/2022
Contact Page,884,8/21/2022
FAQ Page,602,5/31/2019
Contact Page,928,7/14/2019
Products Page,289,10/22/2022
FAQ Page,104,2/23/2022
FAQ Page,911,2/7/2020
Reviews Page,348,11/11/2020
Contact Page,273,7/27/2021
About Page,236,3/6/2021
Reviews Page,887,5/2/2019
Services Page,914,8/26/2019
Services Page,79,5/5/2020
About Page,449,7/13/2022
Services Page,257,7/21/2021
Home Page,6,6/5/2020
Reviews Page,309,1/2/2019
Home Page,326,8/22/2022
Services Page,384,3/29/2021
Services Page,403,10/2/2022
Services Page,454,12/10/2019
FAQ Page,877,2/8/2021
Contact Page,354,11/15/2022
Products Page,858,11/15/2019
Contact Page,191,7/22/2019
Products Page,535,8/8/2022
About Page,825,2/15/2020
Services Page,300,9/11/2020
Home Page,351,5/22/2021
Services Page,384,9/4/2022
Home Page,832,3/18/2019
Home Page,789,10/22/2020
Home Page,503,1/15/2019
Reviews Page,90,5/16/2019
Home Page,149,12/31/2022
FAQ Page,478,4/10/2020
Home Page,38,12/29/2020
About Page,488,2/10/2020
Services Page,589,10/17/2021
FAQ Page,940,8/8/2021
Products Page,473,10/27/2022
Contact Page,679,5/27/2021
Services Page,701,11/17/2020
FAQ Page,419,11/3/2021
Reviews Page,956,4/12/2020
Products Page,746,6/14/2021
Contact Page,681,3/7/2020
FAQ Page,803,5/22/2021
Reviews Page,972,3/9/2020
FAQ Page,970,12/9/2021
Home Page,111,11/7/2019
FAQ Page,465,11/27/2020
Products Page,134,11/29/2022
Products Page,998,9/30/2021
Products Page,921,1/4/2022
Reviews Page,512,2/25/2020
Reviews Page,559,4/25/2021
Products Page,830,11/27/2019
Products Page,403,3/30/2021
Products Page,744,11/22/2022
About Page,331,2/14/2019
Home Page,282,7/21/2022
About Page,708,9/8/2020
FAQ Page,412,8/22/2020
FAQ Page,596,2/9/2021
Products Page,82,5/31/2022
Products Page,652,4/9/2020
Reviews Page,713,5/27/2021
Contact Page,395,8/20/2020
FAQ Page,659,7/11/2021
FAQ Page,156,11/30/2021
Home Page,292,9/22/2020
Reviews Page,253,10/21/2022
Contact Page,869,9/17/2022
Reviews Page,868,5/29/2020
FAQ Page,725,1/15/2019
FAQ Page,925,3/2/2020
Products Page,966,12/3/2022
Products Page,894,8/15/2021
Contact Page,255,12/20/2021
Contact Page,345,7/17/2020
Home Page,448,12/11/2019
Home Page,649,8/10/2020
Reviews Page,37,2/11/2019
About Page,562,12/24/2022
FAQ Page,154,9/19/2019
Home Page,586,6/23/2020
FAQ Page,863,6/29/2020
Products Page,94,12/29/2022
Reviews Page,665,5/11/2019
Reviews Page,436,3/20/2022
Reviews Page,541,8/21/2020
FAQ Page,36,3/29/2019
Reviews Page,67,12/15/2021
Home Page,785,11/9/2022
Products Page,389,11/14/2019
Services Page,335,1/27/2019
Home Page,502,7/21/2021
FAQ Page,138,11/29/2019
Services Page,506,3/14/2019
Home Page,382,1/11/2020
Contact Page,715,10/10/2019
Services Page,121,10/28/2022
Products Page,210,12/27/2022
Home Page,919,2/25/2020
Services Page,237,9/1/2019
Products Page,393,9/5/2019
Home Page,322,8/10/2020
About Page,648,2/11/2019
Services Page,270,11/13/2019
About Page,138,4/22/2021
About Page,820,7/31/2022
Products Page,120,10/17/2020
Services Page,77,3/22/2021
Reviews Page,751,11/14/2019
Products Page,57,1/7/2022
Products Page,50,12/14/2019
About Page,168,6/5/2019
Home Page,474,11/14/2019
About Page,88,3/3/2022
Services Page,805,2/13/2020
Reviews Page,200,9/16/2022
Services Page,140,12/2/2020
Home Page,566,7/25/2020
Products Page,768,10/30/2020
Home Page,312,3/30/2020
Reviews Page,641,1/30/2021
Products Page,906,4/24/2022
About Page,374,11/12/2022
Services Page,104,3/31/2019
FAQ Page,460,2/8/2021
Products Page,585,11/22/2020
Services Page,535,1/27/2019
FAQ Page,332,10/19/2020
Home Page,190,9/21/2019
Home Page,606,3/23/2020
About Page,88,10/25/2020
Products Page,839,6/3/2019
Home Page,894,10/30/2020
Services Page,664,5/16/2020
Reviews Page,1,1/17/2021
Services Page,850,3/7/2021
FAQ Page,115,5/4/2021
Services Page,643,9/5/2021
Contact Page,647,7/13/2022
About Page,942,3/15/2020
Home Page,853,10/17/2021
Contact Page,337,11/16/2019
FAQ Page,488,7/5/2020
Products Page,27,11/2/2020
Contact Page,858,4/18/2020
Contact Page,694,6/17/2022
Products Page,516,9/5/2022
About Page,685,10/10/2022
Contact Page,529,10/27/2021
Services Page,520,5/11/2021
Contact Page,824,7/30/2019
Services Page,439,10/7/2022
Home Page,570,12/26/2022
FAQ Page,868,6/18/2021
Reviews Page,872,2/10/2019
FAQ Page,692,2/17/2019
FAQ Page,281,10/6/2020
Home Page,562,12/17/2019
Home Page,655,3/6/2019
Services Page,992,3/2/2022
About Page,714,6/14/2020
About Page,736,1/18/2022
FAQ Page,948,4/13/2021
Reviews Page,752,12/15/2019
FAQ Page,605,8/29/2021
Contact Page,834,3/6/2019
Products Page,338,12/10/2020
Reviews Page,98,12/14/2019
Services Page,941,3/11/2019
FAQ Page,301,8/30/2020
About Page,190,9/17/2022
Home Page,224,4/24/2022
Contact Page,693,5/12/2022
Home Page,294,5/19/2019
About Page,970,8/31/2020
About Page,674,6/24/2020
Products Page,23,9/6/2019
Products Page,343,2/11/2019
About Page,196,1/26/2022
Contact Page,905,9/4/2019
Reviews Page,769,6/29/2021
Home Page,319,12/9/2022
Contact Page,100,3/3/2019
Home Page,923,4/17/2020
Contact Page,806,2/17/2021
Services Page,765,1/10/2022
FAQ Page,638,12/16/2021
About Page,659,1/10/2020
FAQ Page,610,9/28/2022
FAQ Page,522,12/30/2020
Products Page,16,9/6/2022
Products Page,789,11/8/2020
Reviews Page,853,12/12/2022
Products Page,14,4/6/2020
Services Page,651,12/6/2019
Home Page,34,10/2/2020
Reviews Page,198,8/26/2021
Contact Page,65,1/23/2021
Home Page,178,7/15/2020
Contact Page,653,4/5/2019
FAQ Page,296,12/7/2021
About Page,768,7/30/2020
About Page,417,3/2/2019
FAQ Page,803,1/26/2022
Products Page,852,9/4/2022
FAQ Page,88,4/3/2022
Services Page,522,4/11/2021
Services Page,527,12/19/2021
Home Page,44,9/10/2019
Contact Page,859,10/16/2019
Reviews Page,251,12/22/2019
Reviews Page,967,6/5/2019
Products Page,653,7/8/2019
Services Page,2,10/25/2022
Products Page,127,2/22/2019
FAQ Page,293,12/9/2021
About Page,202,12/16/2020
FAQ Page,836,5/24/2021
Services Page,394,9/10/2020
Products Page,536,6/11/2019
Services Page,285,10/11/2021
Reviews Page,840,12/29/2022
Home Page,372,6/24/2019
Reviews Page,793,9/5/2019
Products Page,103,7/13/2021
Home Page,122,10/11/2019
FAQ Page,86,6/15/2019
FAQ Page,435,4/12/2019
Home Page,833,8/9/2022
Home Page,302,4/4/2022
About Page,412,2/24/2019
Reviews Page,974,5/16/2021
Home Page,590,3/21/2019
Reviews Page,281,11/28/2022
Reviews Page,805,5/25/2022
Products Page,498,5/5/2020
Services Page,700,7/10/2021
Services Page,631,10/31/2020
About Page,827,2/12/2020
Services Page,735,3/23/2020
Home Page,699,5/1/2022
Home Page,976,4/20/2021
Home Page,505,7/31/2021
Contact Page,936,4/11/2019
Contact Page,542,4/17/2019
Contact Page,110,2/16/2021
About Page,556,9/29/2022
FAQ Page,300,12/11/2022
Contact Page,836,8/27/2020
About Page,849,10/12/2020
Services Page,920,1/9/2021
Products Page,671,10/7/2019
FAQ Page,865,7/13/2022
Services Page,327,5/8/2019
Reviews Page,222,3/6/2021
About Page,368,7/9/2020
Contact Page,820,1/12/2020
About Page,515,11/30/2020
About Page,611,12/22/2020
Services Page,161,3/24/2020
FAQ Page,428,9/27/2019
Services Page,800,1/1/2021
FAQ Page,554,1/16/2021
About Page,772,1/4/2020
Services Page,425,1/11/2022
About Page,757,7/1/2020
Services Page,378,7/5/2020
Contact Page,16,9/5/2022
About Page,148,4/30/2020
FAQ Page,947,5/1/2022
Contact Page,34,2/10/2022
Home Page,890,1/25/2022
Services Page,646,3/20/2020
Products Page,145,5/15/2021
Services Page,565,7/29/2022
Home Page,286,2/2/2020
Products Page,39,1/2/2022
Contact Page,302,7/9/2022
Reviews Page,127,8/31/2020
FAQ Page,213,8/2/2021
Products Page,4,5/23/2019
Home Page,483,8/5/2022
FAQ Page,118,10/23/2021
Reviews Page,315,9/23/2019
Products Page,384,6/3/2020
Reviews Page,119,7/4/2021
About Page,709,2/28/2019
Home Page,126,5/29/2021
Contact Page,327,6/28/2022
Services Page,679,11/17/2021
Products Page,527,2/19/2021
About Page,895,11/8/2022
FAQ Page,155,4/13/2022
Contact Page,986,5/20/2022
Products Page,141,5/20/2022
Reviews Page,934,5/21/2019
Home Page,56,12/5/2019
Products Page,238,12/24/2022
About Page,50,4/24/2022
Products Page,197,1/22/2022
About Page,306,5/29/2022
FAQ Page,278,11/15/2021
FAQ Page,769,9/26/2020
Contact Page,284,5/10/2022
Contact Page,812,11/29/2020
Reviews Page,944,8/2/2021
Reviews Page,459,1/4/2020
FAQ Page,882,2/1/2020
Contact Page,255,2/9/2022
About Page,957,12/2/2022
Reviews Page,10,8/25/2022
Contact Page,862,2/8/2022
Reviews Page,290,12/29/2022
FAQ Page,888,10/26/2021
FAQ Page,249,1/9/2022
Services Page,392,12/20/2019
Services Page,990,2/11/2020
Products Page,882,4/16/2020
Home Page,312,8/8/2021
Contact Page,252,8/1/2021
About Page,420,3/1/2021
FAQ Page,935,12/2/2021
Contact Page,580,9/10/2021
Services Page,776,7/5/2021
Reviews Page,429,5/12/2022
Services Page,172,5/6/2019
Reviews Page,395,4/20/2021
About Page,92,7/1/2022
About Page,473,9/4/2019
FAQ Page,727,2/15/2019
Reviews Page,601,4/9/2021
Home Page,274,10/28/2022
Home Page,448,9/10/2019
Products Page,195,11/22/2022
Contact Page,599,9/26/2021
FAQ Page,461,8/6/2021
Products Page,777,8/29/2019
Services Page,958,10/9/2021
About Page,984,10/4/2019
About Page,790,12/1/2019
Home Page,724,5/2/2020
Services Page,33,6/26/2021
About Page,321,7/9/2022
About Page,139,7/24/2019
About Page,67,9/5/2021
Contact Page,854,3/4/2020
Home Page,4,1/26/2019
Contact Page,721,12/18/2021
Home Page,76,4/6/2022
FAQ Page,194,5/4/2019
About Page,682,2/20/2020
Services Page,972,4/5/2020
About Page,927,10/27/2022
FAQ Page,398,2/19/2022
Services Page,43,8/4/2019
Products Page,374,10/20/2021
Contact Page,95,3/19/2022
FAQ Page,5,10/24/2022
FAQ Page,251,11/18/2020
Products Page,536,4/25/2019
About Page,27,1/1/2020
Home Page,763,5/26/2019
About Page,139,8/21/2020
Contact Page,411,9/2/2019
FAQ Page,233,11/11/2022
Contact Page,733,7/26/2021
Products Page,651,3/3/2020
Reviews Page,157,8/7/2021
Contact Page,569,6/14/2021
Reviews Page,498,1/21/2022
Products Page,486,2/13/2020
Services Page,886,2/8/2022
Home Page,801,3/12/2020
Contact Page,911,3/1/2020
FAQ Page,435,4/28/2019
Reviews Page,820,1/6/2021
Reviews Page,104,5/8/2021
Products Page,855,10/24/2020
Products Page,800,8/15/2021
Services Page,414,5/13/2021
Products Page,920,8/4/2020
Products Page,610,11/30/2019
Reviews Page,732,1/6/2021
Home Page,539,10/29/2020
FAQ Page,987,10/6/2021
Products Page,796,10/30/2021
About Page,977,12/20/2021
Home Page,914,6/30/2021
Contact Page,732,12/30/2020
About Page,100,4/5/2022
Services Page,521,7/3/2020
Contact Page,214,12/15/2019
Products Page,642,2/22/2020
Home Page,257,2/21/2022
Home Page,101,3/26/2021
Products Page,570,3/2/2019
FAQ Page,9,8/28/2020
Services Page,63,5/19/2020
Contact Page,586,12/26/2022
About Page,218,4/25/2020
FAQ Page,42,10/22/2019
Reviews Page,542,10/7/2019
Products Page,856,1/7/2020
FAQ Page,927,8/18/2021
Contact Page,737,5/16/2022
Services Page,430,11/11/2019
Home Page,203,11/8/2022
Reviews Page,967,6/15/2019
Reviews Page,122,9/15/2022
About Page,179,2/18/2022
Contact Page,744,5/20/2022
Reviews Page,960,7/7/2022
Home Page,155,12/1/2021
Contact Page,897,12/19/2022
FAQ Page,197,3/27/2019
FAQ Page,2,10/13/2019
Home Page,805,2/1/2019
Contact Page,753,2/22/2021
FAQ Page,893,4/13/2019
Products Page,73,1/14/2021
Reviews Page,147,5/2/2019
Services Page,225,6/20/2021
About Page,150,10/22/2019
FAQ Page,52,4/6/2021
Products Page,973,1/20/2020
Services Page,881,10/19/2022
About Page,627,1/26/2020
About Page,242,11/6/2020
About Page,36,3/9/2022
Services Page,184,12/2/2020
Reviews Page,535,2/19/2019
Services Page,159,12/20/2022
Home Page,661,12/8/2020
Reviews Page,835,6/19/2020
Services Page,92,1/25/2019
Home Page,845,2/23/2021
Reviews Page,231,8/20/2019
About Page,307,11/4/2021
Reviews Page,805,2/17/2020
Reviews Page,256,2/6/2020
Reviews Page,795,7/9/2021
FAQ Page,734,1/2/2019
FAQ Page,4,12/7/2021
Contact Page,887,11/28/2022
Contact Page,760,1/29/2019
FAQ Page,50,4/24/2021
FAQ Page,50,7/4/2022
Reviews Page,515,11/3/2020
FAQ Page,961,6/18/2022
Services Page,811,5/18/2019
Services Page,830,7/24/2020
Services Page,209,5/14/2022
Services Page,48,11/6/2021
FAQ Page,33,12/18/2019
Products Page,730,1/29/2019
Home Page,883,4/11/2019
FAQ Page,267,5/23/2021
Home Page,532,3/17/2021
Products Page,781,6/28/2020
Services Page,982,11/12/2020
Home Page,580,12/11/2022
Products Page,641,6/16/2019
Contact Page,839,9/13/2022
Products Page,781,12/9/2020
Services Page,460,9/10/2019
Home Page,9,11/27/2019
Contact Page,966,8/5/2022
Products Page,249,1/14/2019
FAQ Page,769,11/6/2021
Contact Page,6,1/29/2020
Products Page,714,5/8/2022
Home Page,935,12/22/2021
Products Page,16,4/13/2019
Reviews Page,116,5/28/2020
Services Page,950,2/7/2020
About Page,453,9/3/2020
FAQ Page,807,10/21/2019
FAQ Page,761,2/29/2020
Reviews Page,721,4/11/2022
Products Page,101,6/21/2022
Services Page,456,1/16/2020
About Page,296,1/23/2021
About Page,158,11/5/2019
Home Page,398,5/21/2021
Home Page,898,11/26/2021
Products Page,402,7/30/2022
FAQ Page,758,7/29/2020
About Page,569,3/20/2020
Services Page,137,3/12/2021
Reviews Page,227,1/10/2022
Contact Page,892,5/22/2020
Services Page,970,5/5/2022
About Page,353,9/4/2020
Products Page,707,4/22/2021
Products Page,25,4/26/2021
Services Page,424,5/27/2020
Services Page,209,10/7/2022
Contact Page,123,10/30/2020
Products Page,370,8/22/2019
About Page,98,9/22/2021
Products Page,83,1/15/2020
FAQ Page,992,10/28/2021
About Page,326,11/10/2021
Products Page,62,9/2/2022
Reviews Page,569,9/23/2022
Home Page,730,9/5/2020
About Page,991,7/21/2021
Services Page,853,3/30/2020
Services Page,964,1/31/2022
Reviews Page,779,1/23/2019
Products Page,286,12/11/2021
Home Page,559,2/27/2021
FAQ Page,881,7/22/2022
About Page,618,7/27/2020
Services Page,192,11/9/2019
Reviews Page,353,11/6/2020
Reviews Page,271,1/18/2020
Products Page,198,7/16/2022
About Page,446,5/7/2019
Reviews Page,727,6/29/2021
Home Page,184,3/8/2020
Contact Page,329,3/17/2021
About Page,556,3/5/2020
Contact Page,57,8/20/2020
FAQ Page,233,4/26/2019
Products Page,150,10/27/2021
About Page,767,5/26/2019
Services Page,837,4/15/2019
Reviews Page,76,10/9/2020
About Page,628,11/14/2019
Reviews Page,258,11/12/2021
FAQ Page,958,6/23/2022
FAQ Page,933,12/10/2019
About Page,407,5/5/2020
Reviews Page,878,3/23/2020
About Page,565,5/12/2019
Products Page,495,12/24/2021
Services Page,493,4/9/2021
Home Page,910,10/25/2021
Reviews Page,160,9/3/2019
Products Page,896,2/8/2021
FAQ Page,883,4/28/2020
FAQ Page,259,1/4/2019
Services Page,990,6/14/2022
Reviews Page,684,9/20/2022
Services Page,571,6/30/2021
Contact Page,258,1/5/2022
Reviews Page,291,7/16/2020
Products Page,861,8/16/2021
FAQ Page,318,10/2/2021
Home Page,796,9/13/2019
Contact Page,685,6/30/2021
Products Page,595,6/1/2022
Home Page,489,5/19/2020
Reviews Page,767,9/12/2019
FAQ Page,651,11/23/2022
About Page,783,10/17/2020
About Page,689,5/30/2020
Home Page,512,9/16/2019
Products Page,761,9/30/2020
About Page,203,11/11/2020
Reviews Page,247,3/25/2019
Contact Page,906,8/29/2019
Reviews Page,539,10/18/2019
FAQ Page,31,8/10/2019
Contact Page,37,4/20/2022
Products Page,654,5/26/2021
Contact Page,592,7/11/2022
Reviews Page,488,10/17/2020
Contact Page,213,10/21/2022
Reviews Page,763,6/23/2020
Contact Page,886,8/31/2022
Reviews Page,424,5/21/2019
Services Page,859,12/30/2019
Home Page,666,8/21/2022
Reviews Page,128,10/18/2021
Reviews Page,134,2/2/2019
Reviews Page,644,6/17/2019
FAQ Page,549,11/29/2020
About Page,734,5/22/2020
Contact Page,700,7/7/2019
Products Page,969,5/6/2021
FAQ Page,160,1/8/2020
Reviews Page,229,12/29/2020
Home Page,465,11/7/2021
FAQ Page,388,12/15/2021
About Page,628,4/28/2022
Services Page,54,1/16/2022
Reviews Page,497,11/9/2022
Services Page,16,3/7/2022
FAQ Page,718,6/21/2019
Services Page,92,10/3/2019
Contact Page,555,6/16/2020
Products Page,309,1/18/2021
Contact Page,425,11/4/2021
Services Page,365,3/31/2020
Reviews Page,99,8/12/2019
FAQ Page,29,12/6/2022
Services Page,959,3/24/2019
Products Page,463,12/24/2021
FAQ Page,585,7/6/2020
Contact Page,4,4/3/2021
FAQ Page,688,5/24/2020
Products Page,440,11/9/2020
Products Page,623,6/16/2021
Home Page,191,7/29/2021
Products Page,201,6/27/2021
Contact Page,722,7/2/2019
About Page,83,6/10/2020
Home Page,35,10/19/2019
About Page,597,1/16/2022
About Page,571,6/27/2019
Reviews Page,443,10/26/2021
Services Page,8,11/16/2021
Contact Page,390,4/22/2020
About Page,823,6/4/2022
Products Page,91,4/10/2022
Products Page,654,8/12/2021
Reviews Page,908,4/30/2019
Services Page,353,3/25/2019
Services Page,823,9/17/2021
Reviews Page,825,1/25/2019
Reviews Page,161,11/21/2019
FAQ Page,520,5/27/2020
Contact Page,88,2/13/2022
Products Page,57,10/22/2019
FAQ Page,154,9/11/2020
Contact Page,177,3/21/2021
FAQ Page,962,4/10/2022
Services Page,846,5/28/2021
Home Page,821,3/16/2019
Services Page,573,5/16/2021
FAQ Page,63,11/13/2020
Products Page,960,2/28/2019
Contact Page,8,2/27/2020
About Page,133,6/21/2022
Reviews Page,346,7/8/2019
About Page,694,9/24/2019
Products Page,85,5/19/2022
Home Page,7,1/31/2021
FAQ Page,868,8/23/2020
FAQ Page,6,5/25/2019
Home Page,45,4/18/2019
Services Page,504,1/10/2019
Contact Page,777,7/12/2022
Reviews Page,325,8/24/2021
Reviews Page,965,2/10/2021
About Page,214,12/14/2019
FAQ Page,55,6/25/2020
FAQ Page,969,4/10/2021
Services Page,652,12/27/2020
Products Page,578,7/14/2021
About Page,41,8/9/2021
Reviews Page,20,11/8/2019
Contact Page,932,1/22/2019
Services Page,92,7/14/2019
Home Page,128,1/25/2022
Home Page,422,1/7/2022
About Page,923,6/5/2019
Products Page,810,7/3/2020
About Page,630,1/15/2019
Reviews Page,950,2/13/2021
Home Page,386,1/14/2019
Services Page,392,2/22/2022
Services Page,116,11/19/2020
About Page,688,4/2/2021
Contact Page,371,8/29/2022
Reviews Page,21,3/23/2019
Products Page,42,8/6/2022
Services Page,700,6/9/2022
Reviews Page,684,9/17/2020
About Page,933,3/16/2020
About Page,452,2/13/2021
Reviews Page,966,12/21/2022
Services Page,782,9/8/2019
Products Page,545,5/13/2022
Home Page,386,4/17/2022
Reviews Page,877,3/7/2022
Home Page,426,4/6/2022
Services Page,491,8/2/2022
Reviews Page,493,3/29/2021
Services Page,391,1/11/2019
Contact Page,512,3/12/2022
Home Page,594,1/1/2019
Products Page,317,11/6/2020
Reviews Page,665,12/20/2020
Services Page,974,10/26/2019
Products Page,938,5/12/2022
FAQ Page,963,2/28/2020
About Page,848,4/16/2019
Home Page,276,4/16/2020
Services Page,16,5/24/2019
Home Page,869,3/21/2019
Home Page,630,9/27/2022
Reviews Page,231,11/18/2022
Contact Page,120,2/9/2019
Products Page,320,2/7/2022
Contact Page,929,12/17/2021
Reviews Page,146,1/21/2021
Contact Page,201,3/21/2020
Home Page,208,12/17/2020
Home Page,830,6/3/2019
Contact Page,639,11/15/2020
Contact Page,731,6/20/2021
About Page,285,8/12/2022
Services Page,485,5/29/2020
Products Page,214,7/16/2020
Products Page,76,7/9/2020
About Page,231,9/24/2019
Products Page,337,7/10/2020
Home Page,607,3/3/2021
Products Page,157,8/24/2019
Reviews Page,385,7/23/2022
Contact Page,693,3/10/2019
Contact Page,441,7/28/2019
Products Page,793,3/28/2019
Contact Page,457,4/22/2022
About Page,151,4/11/2022
FAQ Page,821,12/31/2019
Services Page,478,5/22/2022
Products Page,522,5/28/2019
Home Page,540,9/19/2022
Home Page,77,5/19/2022
Products Page,443,2/24/2021
Reviews Page,260,4/8/2022
Services Page,506,12/15/2019
Reviews Page,638,3/8/2022
FAQ Page,467,12/23/2019
Home Page,583,4/16/2021
Products Page,625,1/16/2020
About Page,744,7/11/2019
FAQ Page,622,4/30/2020
Services Page,265,7/6/2022
Services Page,406,10/31/2019
Contact Page,145,1/12/2019
Services Page,223,1/20/2022
Reviews Page,480,4/18/2019
Home Page,306,9/22/2020
About Page,388,2/22/2020
About Page,149,1/14/2022
Reviews Page,777,5/24/2022
About Page,571,9/15/2019
Services Page,758,4/16/2022
About Page,937,12/10/2022
Services Page,289,10/24/2022
About Page,284,1/14/2019
About Page,670,10/22/2019
Contact Page,568,2/6/2021
Reviews Page,496,12/23/2021
Services Page,22,1/2/2022
About Page,698,8/25/2021
Contact Page,68,8/3/2021
FAQ Page,161,3/27/2019
FAQ Page,601,9/18/2020
FAQ Page,394,1/16/2022
About Page,574,6/16/2019
Home Page,645,10/30/2020
FAQ Page,576,11/26/2022
Home Page,510,2/26/2020
Services Page,401,4/28/2020
About Page,403,3/2/2020
Products Page,137,6/1/2022
Home Page,579,3/7/2022
Home Page,578,10/16/2021
Products Page,476,7/13/2019
Contact Page,974,10/4/2022
Home Page,469,8/1/2020
About Page,206,6/1/2022
Contact Page,262,9/13/2021
Products Page,216,5/24/2022
Services Page,564,8/4/2020
Home Page,451,12/10/2019
Services Page,349,4/1/2022
Home Page,587,9/19/2020
Products Page,558,9/3/2022
Contact Page,815,3/13/2021
FAQ Page,783,2/10/2020
Services Page,222,6/1/2022
Products Page,675,4/4/2021
About Page,278,11/27/2019
Contact Page,649,9/18/2021
About Page,44,4/5/2020
Products Page,821,11/25/2022
Contact Page,378,11/25/2019
Services Page,633,9/28/2020
Reviews Page,173,3/3/2020
Reviews Page,137,9/27/2019
Products Page,779,2/22/2021
Home Page,929,10/24/2020
Reviews Page,56,12/20/2021
Products Page,21,10/27/2022
FAQ Page,328,4/17/2021
About Page,228,10/19/2022
FAQ Page,753,11/14/2022
FAQ Page,383,5/12/2019
Contact Page,649,5/22/2022
Products Page,660,7/23/2019
FAQ Page,478,9/7/2019
About Page,189,4/12/2021
Products Page,678,11/17/2019
About Page,732,10/6/2019
FAQ Page,586,4/10/2022
Contact Page,389,9/6/2019
Products Page,815,3/15/2019
FAQ Page,966,5/12/2022
Products Page,636,3/15/2020
Contact Page,454,7/14/2019
Contact Page,69,10/29/2019
About Page,651,7/4/2019
Home Page,939,5/6/2021
Contact Page,655,6/19/2019
Contact Page,950,8/5/2022
Contact Page,301,8/27/2022
Products Page,735,6/3/2021
Products Page,664,7/30/2020
Products Page,715,9/13/2022
About Page,648,3/21/2019
Products Page,568,12/7/2022
Home Page,299,3/10/2019
Products Page,399,3/8/2020
FAQ Page,507,11/3/2021
Products Page,162,10/3/2021
Contact Page,566,9/2/2020
Reviews Page,297,3/28/2022
Home Page,471,11/20/2021
Contact Page,646,1/13/2022
About Page,202,5/4/2021
Contact Page,634,10/5/2019
Services Page,234,10/1/2020
FAQ Page,667,10/9/2020
Reviews Page,495,4/14/2021
Services Page,632,1/21/2022
About Page,736,2/20/2020
Contact Page,578,7/3/2022
Products Page,591,3/5/2021
Services Page,887,5/28/2022
Contact Page,794,10/9/2019
Services Page,314,1/7/2022
Contact Page,984,1/7/2022
FAQ Page,145,8/3/2021
Home Page,486,4/30/2021
Products Page,295,12/20/2020
Contact Page,527,8/16/2020
Services Page,102,6/11/2021
Contact Page,469,10/19/2020
FAQ Page,62,4/20/2021
Contact Page,872,8/20/2020
Home Page,559,4/20/2021
Contact Page,180,3/28/2022
Home Page,345,11/20/2020
About Page,905,5/22/2019
Products Page,448,3/18/2020
Contact Page,133,12/14/2019
FAQ Page,647,3/16/2020
Products Page,860,11/14/2019
Reviews Page,450,3/31/2022
About Page,213,11/18/2019
FAQ Page,825,6/6/2020
FAQ Page,254,7/30/2021
Products Page,394,3/18/2021
About Page,76,10/5/2021
Services Page,732,4/3/2021
Reviews Page,925,11/4/2019
Products Page,311,10/5/2021
Home Page,891,8/14/2022
Reviews Page,973,8/27/2022
Reviews Page,102,7/26/2021
FAQ Page,953,8/15/2022
FAQ Page,843,12/31/2020
About Page,436,8/22/2019
About Page,24,5/24/2020
FAQ Page,309,6/11/2019
Services Page,987,9/27/2022
Reviews Page,115,4/2/2020
Reviews Page,347,5/10/2019
Products Page,6,7/18/2022
Reviews Page,632,3/1/2019
Contact Page,370,10/16/2020
Reviews Page,583,5/23/2022
Reviews Page,821,2/29/2020
Reviews Page,519,1/16/2021
Services Page,269,2/17/2020
Home Page,852,12/7/2021
Home Page,847,12/4/2022
FAQ Page,108,8/12/2020
Reviews Page,982,10/15/2022
Services Page,735,11/11/2019
Products Page,930,3/7/2021
FAQ Page,509,6/24/2020
Products Page,708,10/31/2022
Home Page,229,11/1/2022
FAQ Page,238,10/16/2021
Contact Page,69,5/14/2021
Reviews Page,853,3/9/2019
Products Page,684,9/9/2021
Services Page,765,12/18/2020
About Page,772,5/19/2019
Reviews Page,51,3/10/2021
Products Page,244,10/21/2021
FAQ Page,885,11/21/2022
Contact Page,386,1/30/2021
FAQ Page,964,10/27/2022
Services Page,636,6/2/2022
Contact Page,905,4/1/2022
FAQ Page,673,2/25/2022
Products Page,624,1/8/2022
Services Page,675,11/21/2021
Services Page,407,2/3/2020
Products Page,329,8/1/2019
Reviews Page,828,6/3/2022
Products Page,240,9/22/2020
Products Page,583,11/3/2020
About Page,542,2/18/2022
Reviews Page,287,7/20/2022
Reviews Page,110,3/9/2022
Home Page,125,5/12/2022
Contact Page,55,10/20/2021
Reviews Page,597,7/27/2020
Contact Page,226,12/1/2019
Contact Page,235,4/7/2020
Contact Page,111,4/3/2022
About Page,843,3/25/2021
Home Page,411,9/17/2021
About Page,302,9/2/2019
Products Page,496,4/2/2020
About Page,640,9/13/2020
Reviews Page,285,6/5/2022
About Page,1,4/6/2021
Products Page,884,10/11/2019
Contact Page,678,6/17/2021
Home Page,261,12/2/2021
Services Page,630,7/1/2019
Contact Page,675,8/10/2021
Services Page,298,10/1/2020
FAQ Page,749,4/20/2022
Products Page,48,6/29/2022
Reviews Page,968,7/11/2022
About Page,327,4/21/2019
About Page,864,6/29/2020
About Page,939,7/4/2021
FAQ Page,711,1/10/2022
Contact Page,106,5/16/2019
Reviews Page,666,6/22/2022
FAQ Page,383,9/27/2020
Products Page,527,9/20/2020
Services Page,683,7/23/2022
Services Page,677,3/19/2019
Products Page,73,5/3/2019
Home Page,684,3/29/2020
Home Page,356,11/28/2022
Services Page,865,4/2/2020
About Page,659,9/13/2022
Contact Page,834,10/8/2019
Reviews Page,703,4/16/2019
About Page,976,1/1/2021
Services Page,587,1/7/2020
About Page,504,3/9/2021
Reviews Page,485,7/28/2022
About Page,918,12/18/2020
FAQ Page,68,12/28/2020
Services Page,439,4/10/2021
Products Page,840,2/14/2021
Reviews Page,260,3/20/2021
FAQ Page,206,1/10/2020
FAQ Page,370,8/20/2021
Services Page,753,11/27/2019
FAQ Page,64,3/16/2021
FAQ Page,633,11/21/2021
Products Page,89,10/20/2022
Contact Page,274,8/14/2021
About Page,680,1/10/2019
Services Page,810,6/12/2020
FAQ Page,859,1/5/2022
FAQ Page,174,12/4/2020
Reviews Page,167,3/5/2022
Services Page,216,7/21/2019
Reviews Page,185,10/19/2020
Reviews Page,928,1/30/2021
FAQ Page,492,3/25/2020
Contact Page,435,2/26/2022
Services Page,508,1/28/2022
About Page,641,10/22/2021
Contact Page,783,4/5/2021
Services Page,570,3/21/2020
Home Page,470,2/10/2022
Services Page,833,10/8/2020
Reviews Page,378,5/11/2022
FAQ Page,887,8/1/2019
FAQ Page,19,4/22/2021
About Page,327,2/16/2021
FAQ Page,864,2/26/2021
About Page,239,10/21/2019
Reviews Page,192,12/19/2021
Contact Page,136,4/11/2021
Products Page,880,9/6/2022
Reviews Page,344,10/1/2022
FAQ Page,390,9/5/2019
Reviews Page,446,7/12/2022
Products Page,180,12/24/2020
Products Page,135,12/31/2021
Services Page,318,5/10/2022
Home Page,757,8/14/2019
Contact Page,289,1/12/2021
Contact Page,166,8/23/2020
About Page,676,6/15/2021
Reviews Page,599,1/17/2022
About Page,289,7/6/2021
Home Page,288,6/7/2019
FAQ Page,586,8/21/2019
Services Page,522,2/5/2021
Reviews Page,342,2/27/2021
About Page,676,10/22/2019
Home Page,341,7/16/2019
Services Page,603,2/9/2021
Home Page,270,9/6/2020
Services Page,616,12/16/2020
FAQ Page,375,8/13/2022
Services Page,782,4/19/2022
About Page,204,2/11/2019
Products Page,779,11/19/2021
FAQ Page,544,5/21/2020
Home Page,898,2/1/2020
Home Page,164,2/16/2021
About Page,839,7/24/2021
Services Page,345,10/17/2020
Reviews Page,472,6/2/2022
Reviews Page,755,8/31/2019
FAQ Page,260,10/9/2020
FAQ Page,460,7/23/2022
FAQ Page,447,6/28/2019
Services Page,560,3/31/2022
Contact Page,488,2/5/2020
FAQ Page,388,11/28/2022
Home Page,896,7/17/2021
Products Page,595,9/18/2021
About Page,684,8/9/2021
Home Page,294,8/15/2022
Home Page,706,1/27/2021
Reviews Page,996,3/19/2021
Contact Page,613,12/5/2020
Contact Page,378,5/23/2020
Reviews Page,761,1/12/2019
About Page,32,5/31/2020
About Page,140,10/30/2019
Services Page,110,7/25/2019
Home Page,319,2/8/2019
FAQ Page,556,10/26/2019
FAQ Page,905,7/31/2022
Services Page,66,12/3/2019
Services Page,783,7/4/2022
FAQ Page,777,8/9/2021
Services Page,711,3/16/2022
Contact Page,529,12/25/2020
Reviews Page,181,7/1/2020
Reviews Page,355,4/4/2019
FAQ Page,313,7/4/2022
Services Page,531,1/28/2020
FAQ Page,169,3/25/2019
FAQ Page,60,3/1/2020
Products Page,147,10/30/2021
Home Page,950,3/30/2022
FAQ Page,332,8/10/2019
Products Page,999,4/25/2020
Services Page,213,12/19/2020
Reviews Page,958,4/9/2019
Products Page,738,6/30/2022
FAQ Page,718,5/11/2022
FAQ Page,10,4/27/2022
Contact Page,201,10/22/2019
Home Page,688,1/5/2020
Products Page,274,3/14/2020
Home Page,141,2/3/2019
Services Page,86,6/13/2022
Reviews Page,828,11/11/2019
Contact Page,302,12/4/2021
About Page,772,2/23/2020
About Page,186,2/20/2021
Home Page,561,3/11/2019
Contact Page,774,9/20/2022
Home Page,536,9/18/2021
About Page,682,1/15/2020
Reviews Page,721,9/27/2019
Services Page,709,4/4/2022
Products Page,438,6/22/2019
About Page,325,6/11/2020
About Page,912,2/26/2019
Services Page,440,7/13/2020
About Page,115,8/5/2022
Contact Page,974,9/30/2020
About Page,869,2/24/2020
Contact Page,405,5/18/2020
Contact Page,453,3/30/2020
Home Page,346,3/8/2019
Reviews Page,914,3/17/2020
Contact Page,311,1/17/2019
About Page,226,8/19/2019
Products Page,862,10/11/2019
Reviews Page,268,6/13/2022
FAQ Page,569,11/1/2020
Products Page,944,12/30/2021
Services Page,167,8/22/2021
Home Page,104,3/17/2019
About Page,553,8/27/2020
Services Page,58,11/14/2019
Contact Page,360,2/10/2022
Reviews Page,767,7/4/2020
About Page,599,1/4/2022
Products Page,610,8/28/2020
Home Page,608,5/31/2021
FAQ Page,742,2/17/2022
Home Page,622,12/30/2022
Reviews Page,956,7/23/2022
FAQ Page,508,10/11/2020
FAQ Page,658,10/31/2020
FAQ Page,86,10/27/2021
Services Page,633,7/2/2021
Reviews Page,778,8/29/2022
Contact Page,792,1/23/2021
Reviews Page,196,8/12/2019
Services Page,981,12/10/2020
FAQ Page,252,2/15/2022
Reviews Page,365,10/12/2022
About Page,59,9/13/2020
About Page,795,5/16/2020
Services Page,951,4/4/2020
Services Page,474,12/4/2021
Services Page,841,1/18/2019
Home Page,722,4/10/2022
FAQ Page,917,6/20/2019
Contact Page,185,8/26/2021
FAQ Page,819,4/11/2021
Services Page,247,12/20/2022
Reviews Page,407,2/8/2020
Home Page,612,3/30/2020
Products Page,686,5/15/2021
Reviews Page,727,6/6/2019
Reviews Page,312,10/10/2021
Home Page,462,3/2/2020
Reviews Page,810,12/11/2020
Home Page,381,1/29/2021
Contact Page,955,2/12/2020
Contact Page,279,6/20/2022
Products Page,927,3/25/2022
FAQ Page,394,3/23/2022
Reviews Page,895,6/3/2020
Reviews Page,954,9/29/2019
About Page,562,12/20/2022
Services Page,469,5/18/2020
About Page,908,12/15/2021
FAQ Page,805,5/23/2022
Contact Page,212,5/30/2019
Services Page,156,6/27/2021
Contact Page,313,11/8/2020
Reviews Page,417,10/14/2019
Contact Page,886,12/9/2021
FAQ Page,221,7/16/2021
Contact Page,611,11/5/2019
Reviews Page,599,8/5/2020
Reviews Page,73,5/8/2021
Contact Page,509,5/6/2019
Services Page,312,8/25/2022
FAQ Page,452,12/7/2019
FAQ Page,800,6/5/2022
FAQ Page,587,12/8/2019
Home Page,124,2/2/2020
Products Page,653,2/15/2022
Home Page,293,3/2/2020
Reviews Page,536,5/27/2020
FAQ Page,506,12/28/2021
Home Page,498,11/2/2019
Contact Page,471,6/2/2022
Contact Page,705,7/22/2021
Reviews Page,684,1/11/2020
FAQ Page,399,7/9/2022
Reviews Page,230,11/27/2022
Reviews Page,905,5/1/2020
About Page,908,8/20/2021
FAQ Page,568,2/9/2019
FAQ Page,133,10/14/2021
Reviews Page,868,8/1/2021
About Page,389,3/12/2022
About Page,465,1/31/2022
Services Page,316,1/7/2019
Reviews Page,641,3/22/2021
Home Page,728,8/26/2020
Home Page,684,12/28/2020
Products Page,591,11/18/2022
Contact Page,354,11/22/2021
Products Page,894,11/16/2021
Contact Page,736,9/1/2022
FAQ Page,458,2/13/2022
Services Page,59,9/5/2020
Services Page,455,6/20/2019
About Page,527,6/23/2020
Products Page,625,3/31/2022
FAQ Page,207,4/16/2022
FAQ Page,956,10/26/2021
About Page,139,8/4/2019
FAQ Page,796,10/29/2021
Contact Page,320,2/18/2019
Products Page,15,9/7/2020
About Page,627,2/16/2019
Products Page,833,9/19/2019
Home Page,723,5/19/2021
Services Page,173,4/28/2022
Services Page,102,10/9/2022
Contact Page,458,1/22/2021
Home Page,151,1/16/2022
FAQ Page,389,12/24/2019
Reviews Page,999,10/23/2020
FAQ Page,764,10/29/2019
FAQ Page,648,1/27/2019
Home Page,304,10/26/2021
Home Page,958,6/3/2021
About Page,765,12/13/2021
About Page,892,1/30/2019
FAQ Page,966,11/17/2020
Reviews Page,154,11/22/2022
Reviews Page,369,6/7/2019
Products Page,424,3/5/2019
Contact Page,325,1/26/2019
Products Page,424,10/5/2019
Services Page,661,2/27/2020
About Page,346,1/10/2020
Products Page,379,4/10/2020
Reviews Page,63,7/10/2021
FAQ Page,584,1/19/2021
Contact Page,550,7/27/2019
FAQ Page,139,12/29/2022
Products Page,906,12/23/2019
Reviews Page,330,4/12/2022
Services Page,430,10/24/2020
About Page,102,2/8/2020
Products Page,593,11/16/2020
Reviews Page,776,9/9/2022
Services Page,574,6/23/2019
About Page,565,11/24/2019
Services Page,351,9/13/2021
Services Page,604,3/3/2021
About Page,351,4/17/2019
Services Page,876,3/15/2019
Home Page,980,4/6/2019
About Page,591,10/22/2022
Home Page,333,4/22/2022
Products Page,767,8/31/2020
Services Page,521,3/13/2022
Products Page,562,11/22/2020
Products Page,886,3/14/2019
Reviews Page,241,7/7/2021
Home Page,536,7/25/2020
Reviews Page,5,10/6/2020
Products Page,524,11/9/2019
Contact Page,312,10/7/2022
Contact Page,627,7/6/2020
Reviews Page,870,5/6/2021
Products Page,581,3/20/2020
Services Page,460,5/20/2020
Reviews Page,702,12/25/2021
Contact Page,644,5/27/2022
Services Page,819,9/4/2022
Reviews Page,579,11/4/2019
FAQ Page,387,3/7/2022
Services Page,272,11/15/2019
Products Page,717,9/19/2019
FAQ Page,634,8/29/2022
FAQ Page,784,6/23/2019
FAQ Page,542,12/28/2019
Services Page,517,12/6/2019
Services Page,260,11/5/2022
Contact Page,811,4/22/2021
Contact Page,724,8/28/2021
FAQ Page,768,12/5/2022
Products Page,536,5/27/2020
Services Page,686,7/9/2020
About Page,603,2/9/2020
Home Page,306,6/17/2019
About Page,188,12/22/2022
About Page,190,1/28/2019
Reviews Page,548,2/26/2020
FAQ Page,787,6/8/2019
Reviews Page,49,2/14/2019
FAQ Page,278,12/8/2020
Products Page,196,8/11/2022
Reviews Page,86,5/24/2021
Products Page,998,10/1/2021
Home Page,292,1/27/2020
Reviews Page,573,4/27/2020
About Page,50,4/14/2021
Services Page,82,9/24/2019
Services Page,500,6/14/2021
About Page,95,10/15/2019
Home Page,525,7/1/2020
Home Page,411,3/1/2019
Products Page,918,9/8/2022
Products Page,707,6/27/2021
Contact Page,810,2/10/2022
FAQ Page,514,1/29/2021
About Page,726,5/8/2022
Reviews Page,880,5/13/2020
FAQ Page,656,6/20/2021
FAQ Page,16,4/3/2021
Services Page,108,3/1/2022
Services Page,969,7/14/2019
Home Page,195,6/7/2022
Contact Page,401,2/19/2019
About Page,909,3/10/2020
Contact Page,175,11/3/2022
FAQ Page,900,5/18/2021
Reviews Page,12,9/16/2021
About Page,381,5/7/2020
Contact Page,735,2/4/2020
Reviews Page,821,4/6/2022
Contact Page,591,7/14/2022
FAQ Page,93,12/30/2020
Reviews Page,542,3/9/2022
Reviews Page,759,5/20/2019
FAQ Page,778,1/3/2021
Contact Page,255,5/19/2021
Products Page,129,2/12/2020
FAQ Page,842,2/22/2020
Reviews Page,785,6/24/2019
Services Page,681,10/19/2019
Reviews Page,410,1/29/2020
FAQ Page,788,10/27/2020
Reviews Page,408,11/14/2022
Services Page,535,5/19/2020
About Page,746,3/6/2019
About Page,973,2/16/2022
About Page,541,9/30/2021
Services Page,758,1/13/2019
About Page,913,5/22/2019
Reviews Page,288,2/11/2021
Reviews Page,989,11/14/2021
Products Page,258,9/27/2019
About Page,773,7/8/2021
Home Page,583,8/15/2022
Services Page,2,10/17/2020
About Page,83,11/26/2020
Reviews Page,658,3/29/2022
Services Page,442,4/21/2021
FAQ Page,442,9/23/2022
Reviews Page,474,2/8/2019
FAQ Page,697,5/13/2019
Products Page,68,3/7/2020
FAQ Page,350,5/19/2022
FAQ Page,564,1/15/2019
Products Page,761,2/19/2020
FAQ Page,556,1/26/2020
About Page,797,3/16/2022
Reviews Page,745,3/31/2022
About Page,405,4/25/2020
About Page,678,5/12/2019
Reviews Page,435,2/3/2020
Contact Page,906,6/2/2020
Products Page,341,9/15/2019
Contact Page,123,12/29/2022
About Page,376,12/13/2022
Products Page,205,10/14/2020
About Page,228,12/27/2020
Services Page,497,2/23/2020
Reviews Page,846,8/11/2019
FAQ Page,984,3/16/2022
Services Page,380,9/2/2019
About Page,60,11/11/2019
Reviews Page,723,11/27/2020
About Page,602,10/24/2019
About Page,847,1/24/2021
About Page,342,8/19/2019
Home Page,63,4/25/2019
About Page,361,10/17/2022
FAQ Page,645,2/1/2022
Home Page,605,4/20/2019
Products Page,941,3/28/2022
About Page,633,7/16/2020
FAQ Page,57,9/7/2019
Home Page,545,4/3/2019
Home Page,59,2/4/2021
Reviews Page,712,5/23/2021
Reviews Page,385,1/26/2022
FAQ Page,110,2/23/2022
FAQ Page,588,9/8/2021
FAQ Page,740,7/7/2020
Products Page,810,4/3/2022
Services Page,971,1/7/2020
Products Page,500,10/22/2021
FAQ Page,924,12/21/2019
Contact Page,976,11/27/2020
Services Page,191,4/24/2022
About Page,462,11/1/2022
Services Page,886,9/27/2019
Contact Page,916,11/2/2021
Contact Page,11,11/30/2022
FAQ Page,223,12/24/2019
Products Page,723,8/7/2020
Contact Page,662,8/1/2022
Reviews Page,764,5/30/2022
Services Page,437,1/29/2019
Home Page,621,8/26/2020
Services Page,213,9/8/2022
Reviews Page,600,10/21/2022
Home Page,731,10/29/2022
Reviews Page,251,8/11/2021
About Page,414,2/10/2019
Reviews Page,4,8/27/2022
Home Page,645,3/31/2019
Home Page,952,3/7/2019
About Page,845,10/12/2021
Contact Page,980,5/13/2020
Home Page,739,5/14/2022
Home Page,71,2/15/2020
Services Page,477,5/5/2021
Services Page,816,2/20/2020
About Page,81,9/14/2020
About Page,761,11/16/2022
Contact Page,364,8/9/2020
Products Page,744,2/20/2022
Products Page,879,12/6/2022
About Page,788,3/14/2020
Products Page,612,10/16/2021
Contact Page,762,7/24/2021
Services Page,517,4/7/2021
FAQ Page,290,12/13/2021
Reviews Page,577,8/18/2020
FAQ Page,578,10/2/2020
Products Page,288,5/21/2019
Products Page,156,1/5/2021
About Page,851,8/17/2020
Services Page,550,7/30/2021
Reviews Page,560,1/8/2019
About Page,462,8/2/2019
Reviews Page,662,10/14/2019
Reviews Page,807,12/19/2022
About Page,189,11/17/2019
Contact Page,300,2/16/2019
FAQ Page,863,11/4/2021
Products Page,456,5/26/2021
Reviews Page,290,7/3/2021
Reviews Page,444,12/6/2019
About Page,906,4/9/2020
Reviews Page,903,8/13/2021
Contact Page,731,6/9/2021
Products Page,302,4/24/2022
FAQ Page,249,5/15/2020
Home Page,917,3/10/2022
Reviews Page,640,11/13/2021
Contact Page,516,12/16/2022
Reviews Page,627,9/26/2021
Home Page,356,12/28/2022
About Page,439,2/18/2020
Reviews Page,378,1/3/2020
About Page,245,10/14/2019
Services Page,239,10/7/2020
Reviews Page,783,2/3/2022
Reviews Page,507,9/29/2019
Contact Page,923,8/27/2021
FAQ Page,435,12/15/2019
Reviews Page,401,11/21/2021
Home Page,404,4/6/2020
Products Page,881,1/27/2022
About Page,299,9/24/2019
Services Page,922,12/2/2021
Reviews Page,530,9/21/2021
Services Page,790,2/11/2021
Contact Page,833,4/17/2021
Services Page,944,7/17/2022
Products Page,982,4/28/2021
Contact Page,279,9/25/2019
Contact Page,182,9/9/2020
Services Page,194,3/15/2020
About Page,78,9/6/2020
FAQ Page,271,5/19/2021
Contact Page,903,6/17/2020
Reviews Page,578,2/2/2020
FAQ Page,34,9/6/2020
Products Page,273,11/3/2022
About Page,591,7/30/2019
Services Page,519,8/3/2020
Services Page,347,3/17/2022
Reviews Page,885,7/7/2022
FAQ Page,933,3/17/2020
Home Page,809,7/7/2022
About Page,663,4/26/2020
About Page,354,10/15/2019
Home Page,173,9/26/2022
Products Page,385,4/27/2021
FAQ Page,800,4/20/2021
Home Page,53,2/11/2022
Home Page,694,5/27/2022
Services Page,812,11/6/2019
Home Page,282,5/5/2019
Reviews Page,678,2/5/2022
Home Page,798,3/20/2019
Contact Page,421,11/23/2022
Contact Page,65,3/25/2021
Services Page,272,9/5/2019
FAQ Page,307,1/23/2022
Reviews Page,26,2/6/2022
Home Page,142,4/8/2019
Products Page,913,10/24/2020
Services Page,380,8/28/2019
Services Page,705,5/21/2021
Services Page,654,3/15/2020
About Page,182,11/19/2022
Home Page,25,1/31/2020
Contact Page,848,9/8/2021
Products Page,960,6/10/2021
Services Page,301,12/21/2022
Home Page,491,6/29/2019
Contact Page,232,9/27/2019
Reviews Page,844,7/22/2022
Contact Page,418,11/7/2020
Services Page,721,12/4/2019
Home Page,535,5/17/2020
FAQ Page,679,11/4/2021
Contact Page,907,1/12/2022
Products Page,550,8/31/2021
Products Page,203,2/18/2019
Home Page,478,12/30/2020
Contact Page,342,8/9/2019
FAQ Page,987,2/16/2020
Reviews Page,271,5/7/2020
Reviews Page,353,3/22/2022
FAQ Page,230,8/26/2020
Reviews Page,651,7/27/2020
Contact Page,299,7/12/2021
Reviews Page,286,8/12/2020
Products Page,271,8/24/2022
About Page,9,7/16/2022
Home Page,357,10/9/2021
About Page,958,4/6/2022
Home Page,394,6/9/2019
Contact Page,76,4/23/2022
FAQ Page,167,10/29/2020
Home Page,450,9/28/2021
Products Page,951,2/15/2020
Reviews Page,166,9/23/2021
About Page,302,11/10/2020
Services Page,457,9/16/2021
Home Page,455,11/14/2021
About Page,444,4/5/2019
Home Page,391,2/26/2019
About Page,930,9/20/2022
FAQ Page,528,6/19/2020
Home Page,35,5/30/2019
FAQ Page,747,11/25/2020
Services Page,693,12/9/2022
Home Page,216,10/15/2021
About Page,265,10/11/2022
Services Page,31,5/17/2022
Products Page,543,7/3/2021
About Page,887,10/11/2020
About Page,268,4/28/2021
Reviews Page,412,6/26/2021
Products Page,18,10/7/2020
Home Page,84,10/28/2019
Home Page,429,2/16/2019
FAQ Page,686,2/10/2022
Services Page,69,10/30/2020
Reviews Page,874,2/6/2022
About Page,525,4/10/2021
Home Page,453,5/12/2021
Reviews Page,95,12/30/2019
Products Page,947,4/5/2021
Contact Page,818,9/15/2019
Home Page,589,2/26/2019
Reviews Page,232,4/18/2021
Reviews Page,887,3/1/2022
Services Page,506,12/25/2020
About Page,231,12/19/2020
Reviews Page,329,1/13/2019
Home Page,991,10/12/2022
About Page,782,4/3/2022
Reviews Page,879,12/17/2021
About Page,165,8/4/2019
Contact Page,171,12/16/2019
FAQ Page,211,11/15/2019
Products Page,65,10/30/2019
Reviews Page,513,4/19/2019
Reviews Page,464,6/4/2021
Products Page,269,2/10/2019
Services Page,132,9/13/2020
FAQ Page,113,4/7/2021
Products Page,703,6/9/2019
Contact Page,569,9/22/2022
